id;libelle;livrable;indicateur;date_fin;personnel_id
1;Auto Loan Account modular Refined;../fake-data/blob/hipster.txt;../fake-data/blob/hipster.txt;2019-10-11T15:55:48;1
2;mint green e-business EXE;../fake-data/blob/hipster.txt;../fake-data/blob/hipster.txt;2019-10-11T19:06:09;2
3;Fresh granular Direct;../fake-data/blob/hipster.txt;../fake-data/blob/hipster.txt;2019-10-11T20:21:20;3
4;withdrawal;../fake-data/blob/hipster.txt;../fake-data/blob/hipster.txt;2019-10-12T02:52:27;4
5;cutting-edge ability Hat;../fake-data/blob/hipster.txt;../fake-data/blob/hipster.txt;2019-10-11T14:04:07;5
6;Bedfordshire Bahamian Dollar;../fake-data/blob/hipster.txt;../fake-data/blob/hipster.txt;2019-10-11T20:25:15;6
7;User-centric Gloves;../fake-data/blob/hipster.txt;../fake-data/blob/hipster.txt;2019-10-11T21:38:11;7
8;Oklahoma facilitate;../fake-data/blob/hipster.txt;../fake-data/blob/hipster.txt;2019-10-12T01:19:45;8
9;Versatile Exclusive Moroccan Dirham;../fake-data/blob/hipster.txt;../fake-data/blob/hipster.txt;2019-10-11T09:47:32;9
10;Plastic;../fake-data/blob/hipster.txt;../fake-data/blob/hipster.txt;2019-10-11T02:56:28;10
