id;matricule;nom;poste;date_naiss;sexe
1;mobile Fish;Home Loan Account Table Computer;Trace;2019-10-11T18:52:40;Metal deposit
2;Producer;Implementation Electronics Officer;methodology Albania;2019-10-11T16:31:12;intangible
3;enable Gorgeous Frozen Pants;Common;Savings Account syndicate Planner;2019-10-11T15:41:04;HDD
4;Table Small Frozen Sausages Planner;envisioneer Music Public-key;infomediaries;2019-10-11T23:57:28;Buckinghamshire Games
5;incentivize Tuna copy;Costa Rica Mayotte;Industrial;2019-10-11T06:40:19;Views e-enable Communications
6;National Awesome sky blue;Tactics;scale interactive generating;2019-10-11T18:19:28;mission-critical Faroe Islands Plastic
7;Car Industrial deliverables;orange Books;magenta monitor 1080p;2019-10-11T12:20:37;Identity
8;Frozen IB;Highway Ergonomic;moratorium moratorium;2019-10-11T09:22:34;withdrawal COM
9;embrace Developer;synthesize Idaho compress;Sleek Metal Table Small;2019-10-11T16:20:33;red
10;withdrawal knowledge base Buckinghamshire;Concrete Investment Account Saint Lucia;User-centric;2019-10-12T01:02:21;neutral Salad
