id;tache;description;date_debut;date_f_in;objectif_id;personnel_id
1;pink even-keeled;../fake-data/blob/hipster.txt;2019-10-11T10:04:42;2019-10-11T09:27:50;1;1
2;Internal AI optical;../fake-data/blob/hipster.txt;2019-10-11T11:28:41;2019-10-11T06:27:53;2;2
3;Marketing;../fake-data/blob/hipster.txt;2019-10-11T08:02:19;2019-10-11T05:19:18;3;3
4;Home Loan Account Tools Unbranded;../fake-data/blob/hipster.txt;2019-10-11T10:57:46;2019-10-11T03:31:09;4;4
5;clear-thinking;../fake-data/blob/hipster.txt;2019-10-11T19:33:29;2019-10-11T13:43:02;5;5
6;Cayman Islands Dollar invoice;../fake-data/blob/hipster.txt;2019-10-11T21:30:15;2019-10-11T22:39:52;6;6
7;Computers Bedfordshire Fish;../fake-data/blob/hipster.txt;2019-10-11T18:05:30;2019-10-11T11:17:45;7;7
8;calculating withdrawal Nevada;../fake-data/blob/hipster.txt;2019-10-12T00:38:19;2019-10-11T14:40:31;8;8
9;withdrawal Ergonomic;../fake-data/blob/hipster.txt;2019-10-11T12:43:48;2019-10-11T03:32:05;9;9
10;target Human withdrawal;../fake-data/blob/hipster.txt;2019-10-11T07:48:41;2019-10-11T18:29:06;10;10
