id;libelle;description;document;document_content_type;objectif_id;personnel_id
1;payment Libyan Dinar;../fake-data/blob/hipster.txt;../fake-data/blob/hipster.png;image/png;1;1
2;white sensor local;../fake-data/blob/hipster.txt;../fake-data/blob/hipster.png;image/png;2;2
3;calculate;../fake-data/blob/hipster.txt;../fake-data/blob/hipster.png;image/png;3;3
4;Chips;../fake-data/blob/hipster.txt;../fake-data/blob/hipster.png;image/png;4;4
5;Villages uniform PCI;../fake-data/blob/hipster.txt;../fake-data/blob/hipster.png;image/png;5;5
6;Automotive Tactics architectures;../fake-data/blob/hipster.txt;../fake-data/blob/hipster.png;image/png;6;6
7;Wisconsin Facilitator Incredible;../fake-data/blob/hipster.txt;../fake-data/blob/hipster.png;image/png;7;7
8;reinvent;../fake-data/blob/hipster.txt;../fake-data/blob/hipster.png;image/png;8;8
9;eco-centric Bedfordshire mesh;../fake-data/blob/hipster.txt;../fake-data/blob/hipster.png;image/png;9;9
10;Configuration UIC-Franc;../fake-data/blob/hipster.txt;../fake-data/blob/hipster.png;image/png;10;10
